"","S. No.","Timestamp","GAD1","GAD2","GAD3","GAD4","GAD5","GAD6","GAD7","GADE","SWL1","SWL2","SWL3","SWL4","SWL5","Game","Platform","Hours","earnings","whyplay","League","highestleague","streams","SPIN1","SPIN2","SPIN3","SPIN4","SPIN5","SPIN6","SPIN7","SPIN8","SPIN9","SPIN10","SPIN11","SPIN12","SPIN13","SPIN14","SPIN15","SPIN16","SPIN17","Narcissism","Gender","Age","Work","Degree","Birthplace","Residence","Reference","Playstyle","accept","GAD_T","SWL_T","SPIN_T","Residence_ISO3","Birthplace_ISO3"
"1",1195,42054.66258,1,0,0,0,0,0,0,"Not difficult at all",6,6,6,6,5,"League of Legends","PC",10,"I play for fun","having fun","Unranked",NA,20,0,1,0,2,1,1,0,0,0,2,2,0,0,0,1,0,2,2,"Male",22,"Employed","Bachelor (or equivalent)","USA","USA","Reddit","Multiplayer - online - with online acquaintances or teammates","Accept",1,29,12,"USA","USA"
"2",3513,42054.71612,0,0,1,1,0,3,0,"Not difficult at all",6,6,5,5,2,"League of Legends","PC",40,"I play for fun","improving","Silver",NA,NA,0,0,0,2,1,1,0,0,0,0,1,1,0,2,2,0,0,3,"Male",18,"Student at college / university","None","Unknown","Unknown","Reddit","Multiplayer - online - with strangers","Accept",5,24,10,NA,NA
"3",6760,42054.7925,1,0,1,0,0,2,0,"Not difficult at all",2,2,4,3,2,"League of Legends","PC",25,"I play for fun","winning","silver",NA,25,1,0,0,0,2,3,1,0,0,0,4,3,1,0,3,0,3,2,"Male",27,"Student at college / university","High school diploma (or equivalent)","Romania","Romania","Reddit","Multiplayer - online - with online acquaintances or teammates","Accept",4,13,21,"ROU","ROU"
"4",1196,42054.66259,0,0,0,0,0,1,1,"Not difficult at all",2,6,2,2,4,"League of Legends","PC",35,"I play for fun","winning","gold 1",NA,10,1,2,1,0,0,2,1,2,2,0,2,0,1,2,2,0,2,3,"Male",20,"Student at college / university","High school diploma (or equivalent)","UK","UK","Reddit","Multiplayer - online - with strangers","Accept",2,16,20,"GBR","GBR"
"5",10239,42054.91325,1,0,0,0,0,0,0,"Somewhat difficult",6,6,6,6,6,"League of Legends","PC",7,"I play for fun","having fun",NA,NA,20,0,1,1,1,1,0,1,1,1,0,0,0,0,1,1,0,1,1,"Male",22,"Student at college / university","Bachelor (or equivalent)","Italy","Italy","Reddit","Multiplayer - online - with strangers","Accept",1,30,10,"ITA","ITA"
"6",8558,42054.83865,1,0,1,1,1,0,0,"Not difficult at all",1,2,2,2,1,"League of Legends","PC",30,"I play for fun","having fun","Silver",NA,9,1,2,1,1,3,3,3,3,1,0,4,2,2,2,3,0,2,1,"Male",22,"Employed","High school diploma (or equivalent)","USA","USA","Reddit","Multiplayer - online - with online acquaintances or teammates","Accept",4,8,33,"USA","USA"
"7",12188,42055.0079,0,0,0,0,0,0,0,NA,3,3,3,3,3,"League of Legends","PC",49,"I play for fun","winning","Platinum 4",NA,6,0,0,0,0,0,0,0,4,0,1,NA,NA,1,1,1,1,0,1,"Male",19,"Unemployed / between jobs","High school diploma (or equivalent)","Canada","Canada","Reddit","Singleplayer","Accept",0,15,NA,"CAN","CAN"
"8",8708,42054.84343,0,0,1,0,0,1,0,"Not difficult at all",2,3,6,3,1,"League of Legends","PC",10,"I play for fun","having fun","Plat 3",NA,15,0,0,2,3,0,0,0,4,NA,1,0,0,0,1,0,0,1,1,"Male",25,"Student at college / university","Bachelor (or equivalent)","Netherlands","Netherlands","Reddit","Multiplayer - online - with strangers",NA,2,15,NA,"NLD","NLD"
"9",8654,42054.84179,0,0,0,1,0,0,0,"Not difficult at all",6,7,5,5,6,"League of Legends","PC",5,"I play for fun","improving","Silver 3",NA,10,2,0,1,2,3,0,2,1,1,0,0,0,0,1,2,1,1,2,"Male",36,"Employed","Master (or equivalent)","USA","USA","Reddit","Multiplayer - online - with strangers","Accept",1,29,17,"USA","USA"
"10",3032,42054.70447,1,1,0,0,0,0,0,"Somewhat difficult",6,4,7,2,5,"League of Legends","PC",20,"I play for fun","relaxing","Platinum II",NA,10,0,2,1,3,2,1,1,1,2,1,0,1,0,0,1,0,0,1,"Male",22,"Student at college / university","Bachelor (or equivalent)","Australia","Australia","Reddit","Multiplayer - online - with real life friends","Accept",2,24,16,"AUS","AUS"
"11",5634,42054.766,0,0,0,1,0,0,0,"Not difficult at all",2,3,3,1,1,"League of Legends","PC",50,"I play for fun","having fun","Plat3",NA,10,2,2,2,2,2,2,2,2,2,2,3,1,1,1,3,3,1,1,"Male",20,"Student at college / university","High school diploma (or equivalent)","Austria","Austria","Reddit","Singleplayer","Accept",1,10,33,"AUT","AUT"
"12",3876,42054.72436,0,1,1,0,1,1,1,"Somewhat difficult",4,3,3,4,4,"League of Legends","PC",28,"I play for fun","improving","Platinum 3",NA,6,2,1,0,NA,3,2,1,4,4,2,3,3,2,2,2,1,2,1,"Male",18,"Employed","High school diploma (or equivalent)","Germany","Germany","Reddit","Multiplayer with Friends and Strangers",NA,5,18,NA,"DEU","DEU"
"13",4379,42054.73705,2,3,3,3,0,1,0,"Extremely difficult",2,6,1,2,2,"League of Legends","PC",24,"I play for fun","it just works as a distraction. other then that winning and climbing that ladder","platinum 4",NA,4,0,2,3,3,2,2,2,4,4,1,3,1,1,3,3,1,2,1,"Male",22,"Student at college / university","High school diploma (or equivalent)","Finland","Estonia","Reddit","Multiplayer - online - with online acquaintances or teammates","Accept",12,13,37,"EST","FIN"
"14",1884,42054.67983,1,1,2,0,0,3,2,"Somewhat difficult",5,5,6,5,2,"League of Legends","PC",20,"I play for fun","having fun","Gold 5",NA,20,2,1,0,3,1,1,0,0,1,0,2,2,0,1,3,0,1,3,"Male",18,"Student at college / university","None","Switzerland","Switzerland","Reddit","Multiplayer - online - with real life friends","Accept",9,23,18,"CHE","CHE"
"15",1919,42054.68063,0,0,0,0,0,0,0,"Not difficult at all",3,2,3,2,2,"League of Legends","PC",21,"I play for fun","having fun","bronze",NA,3,2,2,0,1,3,3,0,0,3,2,4,3,2,3,3,2,2,1,"Male",22,"Student at college / university","High school diploma (or equivalent)","USA","USA","Reddit","Multiplayer - online - with strangers","Accept",0,12,35,"USA","USA"
"16",3883,42054.72446,0,0,0,0,0,1,0,"Not difficult at all",5,6,7,5,6,"League of Legends","PC",12,"I play for fun","having fun","Gold 4",NA,10,1,4,1,1,1,1,0,1,2,1,3,3,0,1,2,0,0,1,"Male",23,"Employed","High school diploma (or equivalent)","Italy","Italy","Reddit","Multiplayer - online - with online acquaintances or teammates","Accept",1,29,22,"ITA","ITA"
"17",7676,42054.81269,1,0,1,0,0,1,0,"Somewhat difficult",2,3,5,4,4,"League of Legends","PC",28,"I play for fun","having fun","p4",NA,4,0,0,0,1,0,0,0,0,0,0,0,0,0,1,0,0,0,1,"Male",30,"Unemployed / between jobs","High school diploma (or equivalent)","Finland","Finland","Reddit","Multiplayer - online - with strangers","Accept",3,18,2,"FIN","FIN"
"18",4428,42054.73851,2,3,3,2,1,2,0,"Very difficult",2,7,1,4,1,"League of Legends","PC",25,"I play so that one day I might earn a living. So far I haven't earned anything, but we were close to some cash prizes!","improving","Diamond I (I was Challenger last season, just give me some time)",NA,0,1,0,2,4,2,1,0,4,2,2,1,1,0,1,2,1,0,2,"Male",19,"Student at college / university","Bachelor (or equivalent)","France","France","Reddit","Multiplayer - online - with strangers","Accept",13,15,24,"FRA","FRA"
"19",3870,42054.72423,0,0,0,0,0,0,0,"Not difficult at all",4,7,7,5,3,"League of Legends","PC",18,"I play for fun","having fun",NA,NA,0,0,2,0,2,0,2,0,0,0,0,1,0,0,0,0,0,0,2,"Male",23,"Employed","Bachelor (or equivalent)","Canada","Canada","Reddit","Multiplayer - online - with strangers","Accept",0,26,7,"CAN","CAN"
"20",8006,42054.82134,1,0,3,1,0,0,0,"Not difficult at all",1,6,2,1,7,"League of Legends","PC",6,"For fun and personal development, regarding leadership and organisation","improving","None",NA,20,0,3,1,2,1,1,0,0,2,0,2,2,0,1,4,0,3,4,"Male",19,"Student at college / university","High school diploma (or equivalent)","Denmark","Denmark","Reddit","Multiplayer - online - with strangers","Accept",5,17,22,"DNK","DNK"
"21",10480,42054.92357,0,0,1,0,0,1,0,"Somewhat difficult",5,6,4,4,1,"League of Legends","PC",24,"I play for fun","winning","Gold",NA,5,1,4,3,4,0,3,1,4,1,1,0,0,0,1,0,1,0,5,"Male",19,"Student at college / university","High school diploma (or equivalent)","Spain","UK","Reddit","Multiplayer - online - with strangers","Accept",2,20,24,"GBR","ESP"
"22",5034,42054.75238,0,0,0,1,0,0,0,"Not difficult at all",5,4,6,5,5,"League of Legends","PC",35,"I play for fun","improving","Platinum III",NA,12,0,0,0,1,0,0,0,0,0,0,1,0,0,0,0,0,0,5,"Male",21,"Student at college / university","High school diploma (or equivalent)","Sweden","Sweden","Reddit","Multiplayer - online - with online acquaintances or teammates","Accept",1,25,2,"SWE","SWE"
"23",3529,42054.71646,1,0,1,1,0,0,0,"Somewhat difficult",3,6,5,5,3,"Counter Strike","PC",12,"I play for fun","winning","Silver 4",NA,6,0,0,1,1,2,1,0,1,1,1,1,2,0,0,0,0,1,3,"Male",24,"Student at college / university","Bachelor (or equivalent)","USA","USA","Reddit","Multiplayer - online - with online acquaintances or teammates","Accept",3,22,12,"USA","USA"
"24",12159,42055.0069,1,1,0,1,0,3,0,"Somewhat difficult",1,1,1,1,7,"Counter Strike","PC",30,"I play for fun","winning",NA,NA,15,0,0,0,2,0,0,0,4,4,0,4,0,2,0,0,4,0,2,"Male",25,"Employed","High school diploma (or equivalent)","Poland","Poland","Reddit","Multiplayer - online - with strangers","Accept",6,11,20,"POL","POL"
"25",9890,42054.89492,0,0,1,1,0,2,0,"Somewhat difficult",5,6,6,7,6,"League of Legends","PC",12,"I play for fun","having fun","Platinum V",NA,20,2,3,4,3,2,2,4,3,3,2,3,1,0,2,2,1,0,1,"Male",22,"Student at college / university","Bachelor (or equivalent)","Brazil","Brazil","Reddit","Multiplayer - online - with real life friends","Accept",4,30,37,"BRA","BRA"
"26",13954,42055.47522,0,0,0,1,0,0,1,"Somewhat difficult",4,6,5,4,1,"League of Legends","Console (PS, Xbox, ...)",14,"I play for fun","having fun","gold 3",NA,10,1,3,1,2,2,1,3,0,1,1,3,1,0,2,0,1,0,1,"Male",20,"Student at college / university","High school diploma (or equivalent)","France","France","Reddit","Multiplayer - online - with strangers","Accept",2,20,22,"FRA","FRA"
"27",12342,42055.0172,0,0,0,0,0,0,0,NA,4,3,1,2,7,"League of Legends","PC",10,"I play for fun","winning","gold",NA,2,0,0,0,0,0,0,0,4,2,0,0,0,0,0,0,0,0,3,"Male",20,"Student at college / university","High school diploma (or equivalent)","Serbia","Serbia","Reddit","Multiplayer - online - with online acquaintances or teammates","Accept",0,17,6,"SRB","SRB"
"28",5157,42054.75536,1,2,1,1,0,1,1,"Not difficult at all",2,3,2,2,2,"League of Legends","PC",21,"I play for fun","improving","bronze",NA,22,0,2,2,3,1,1,4,2,1,1,1,0,2,NA,4,1,3,2,"Male",21,"Student at college / university","High school diploma (or equivalent)","Republic of Kosovo","Austria","Reddit","Multiplayer - online - with strangers","Accept",7,11,NA,"AUT",NA
"29",10225,42054.91292,0,0,1,1,1,0,0,"Not difficult at all",1,2,1,1,2,"League of Legends","PC",20,"I play for fun","improving","Silver I",NA,3,0,0,0,2,0,1,0,1,1,0,2,0,0,1,0,0,0,1,"Male",20,"Unemployed / between jobs","None","Canada","Canada","Reddit","Multiplayer - online - with strangers",NA,3,7,8,"CAN","CAN"
"30",268,42054.60916,2,0,0,0,0,2,0,"Very difficult",1,2,2,2,2,"League of Legends","PC",21,"I play for fun","improving","platinum 1",NA,30,0,4,3,3,3,3,3,3,2,3,3,1,2,2,2,0,2,4,"Male",21,"Unemployed / between jobs","High school diploma (or equivalent)","Brazil","Brazil","Reddit","Multiplayer - online - with real life friends","Accept",4,9,39,"BRA","BRA"
"31",2016,42054.68305,0,0,0,0,1,1,0,"Not difficult at all",5,7,7,7,6,"League of Legends","PC",8,"I play for fun","having fun",NA,NA,8,0,0,0,1,0,1,0,0,0,0,0,0,0,0,1,0,0,2,"Male",21,"Student at college / university","High school diploma (or equivalent)","USA","USA","Reddit","Multiplayer - online - with real life friends","Accept",2,32,3,"USA","USA"
"32",2576,42054.69487,1,2,3,3,3,3,2,"Very difficult",1,2,1,1,1,"League of Legends","PC",14,"I play for fun","playing with friends","unranked",NA,13,0,2,1,1,2,2,1,1,2,0,3,1,1,1,2,0,1,1,"Male",22,"Student at college / university","High school diploma (or equivalent)","Romania","Romania","Reddit","Multiplayer - online - with online acquaintances or teammates","Accept",17,6,21,"ROU","ROU"
"33",8865,42054.84825,0,0,0,0,0,1,0,"Not difficult at all",5,6,5,5,3,"League of Legends","PC",18,"I play for fun","having fun","Gold",NA,1,1,3,3,0,1,1,3,2,1,0,1,3,4,2,2,3,3,1,"Male",23,"Employed","Bachelor (or equivalent)","USA","USA","Reddit","Multiplayer - online - with real life friends","Accept",1,24,33,"USA","USA"
"34",9901,42054.89528,0,0,0,0,0,0,0,"Not difficult at all",3,2,3,4,1,"League of Legends","PC",50,"I play mostly for fun but earn a little on the side (tournament winnings, streaming, etc)","improving","Gold 3",NA,15,1,0,1,1,0,2,0,3,1,0,3,1,0,0,0,0,0,1,"Male",18,"Student at school","None","USA","USA","Reddit","Multiplayer - online - with online acquaintances or teammates","Accept",0,13,13,"USA","USA"
"35",5470,42054.76302,0,1,1,0,0,0,1,"Somewhat difficult",5,4,2,2,1,"League of Legends","PC",20,"I play for fun","improving","Platinum 3",NA,12,0,0,0,0,0,0,0,0,0,0,1,0,0,0,0,0,0,4,"Male",22,"Employed","High school diploma (or equivalent)","Poland","Poland","Reddit","Multiplayer - online - with strangers","Accept",3,14,1,"POL","POL"
"36",10483,42054.92373,0,0,0,0,0,0,0,"Not difficult at all",3,6,5,2,4,"League of Legends","PC",20,"I play for fun","having fun",NA,NA,6,0,1,2,2,2,2,0,3,3,2,4,0,0,2,1,1,3,3,"Male",21,"Student at college / university","High school diploma (or equivalent)","Germany","Germany","Reddit","Multiplayer - online - with real life friends","Accept",0,20,28,"DEU","DEU"
"37",13589,42055.28108,0,0,1,1,1,0,0,"Not difficult at all",4,5,5,4,3,"League of Legends","PC",15,"I play for fun","improving","silver 3",NA,45,1,0,1,0,1,1,0,0,0,0,2,0,0,0,0,0,0,1,"Male",21,"Student at college / university","High school diploma (or equivalent)","USA","USA","Reddit","Multiplayer - online - with strangers","Accept",3,21,6,"USA","USA"
"38",2679,42054.69699,2,1,3,2,0,2,1,"Very difficult",4,6,4,6,3,"League of Legends","PC",20,"I play for fun","relaxing","Silver",NA,25,1,0,2,2,0,0,0,3,2,2,4,1,1,1,0,0,2,2,"Male",20,"Student at college / university","High school diploma (or equivalent)","USA","USA","Reddit","Multiplayer - online - with real life friends","Accept",11,23,21,"USA","USA"
"39",12290,42055.01327,0,0,3,0,0,3,0,"Not difficult at all",3,6,3,3,3,"League of Legends","PC",12,"just for the thrill of ranked games. trying to see my limits","improving AND winning are equally important to be honest. so...","platinum 3",NA,4,1,0,2,1,0,1,2,2,1,0,1,0,0,0,0,0,0,2,"Male",30,"Employed","Master (or equivalent)","Greece","Greece","Reddit","online - duo - ranked with friend.","Accept",6,18,11,"GRC","GRC"
"40",1650,42054.67429,2,2,2,2,2,2,2,"Somewhat difficult",3,3,3,3,4,"League of Legends","PC",20,"I play for fun","improving","Silver 5",NA,10,2,1,1,2,2,1,2,2,1,1,1,1,0,1,1,1,1,3,"Male",22,"Student at college / university","Bachelor (or equivalent)","USA","USA","Reddit","Multiplayer - online - with real life friends","Accept",14,16,21,"USA","USA"
"41",3943,42054.72587,2,2,3,0,0,0,0,"Not difficult at all",2,2,3,5,1,"League of Legends","PC",35,"I play mostly for fun but earn a little on the side (tournament winnings, streaming, etc)","improving","Diamond 1",NA,5,0,0,0,0,0,0,1,1,0,0,0,0,0,0,1,0,0,3,"Male",20,"Employed","Ph.D., Psy. D., MD (or equivalent)","Germany","Germany","Reddit","Multiplayer - online - with strangers","Accept",7,13,3,"DEU","DEU"
"42",1059,42054.65866,1,1,1,1,0,1,1,"Somewhat difficult",2,5,4,2,1,"League of Legends","PC",18,"I play for fun","relaxing","Platinum 4",NA,5,1,1,1,3,3,3,3,2,3,3,2,3,2,3,3,2,2,1,"Male",19,"Student at college / university","Bachelor (or equivalent)","Netherlands","Netherlands","Reddit","Multiplayer - online - with real life friends","Accept",6,14,40,"NLD","NLD"
"43",1640,42054.67415,1,1,1,1,1,1,1,"Somewhat difficult",5,6,5,5,4,"League of Legends","PC",16,"I play for fun","improving","Platinum",NA,15,0,2,3,3,3,2,3,3,1,3,2,3,1,2,3,1,2,1,"Male",18,"Student at school","None","USA","USA","Reddit","Multiplayer - online - with real life friends","Accept",7,25,37,"USA","USA"
"44",34,42052.69547,0,0,0,0,0,0,0,NA,5,2,6,7,6,"League of Legends","PC",9,"I play for fun","improving","Silver 4",NA,2,2,2,2,3,4,3,4,0,1,2,3,3,0,3,2,2,3,4,"Female",23,"Employed","High school diploma (or equivalent)","UK","UK","Reddit","Multiplayer - online - with real life friends","Accept",0,26,39,"GBR","GBR"
"45",1313,42054.66597,3,3,3,3,3,1,3,"Somewhat difficult",2,5,2,5,1,"League of Legends","PC",12,"I play for fun","having fun","Silver 3",NA,24,1,0,1,1,NA,1,0,3,3,1,3,3,0,1,3,1,0,4,"Male",19,"Student at college / university","High school diploma (or equivalent)","USA","USA","Reddit","Multiplayer - online - with strangers","Accept",19,15,NA,"USA","USA"
"46",3518,42054.71621,1,1,0,0,0,0,0,NA,4,5,6,5,4,"League of Legends","PC",20,"I play for fun","improving","Unranked, still placing.",NA,20,1,1,1,1,1,1,1,1,2,0,2,0,1,1,1,0,0,1,"Male",18,"Student at school","None","USA","USA","Reddit","Multiplayer - online - with real life friends","Accept",2,24,15,"USA","USA"
"47",7861,42054.81711,1,0,1,0,0,1,0,"Somewhat difficult",3,5,3,3,2,"League of Legends","PC",15,"I play for fun","improving","Gold",NA,15,1,1,2,2,2,1,1,1,1,0,1,0,0,1,0,0,0,1,"Female",33,"Unemployed / between jobs","Master (or equivalent)","USA","USA","Reddit","Multiplayer - online - with strangers","Accept",3,16,14,"USA","USA"
"48",3764,42054.72185,1,0,2,1,2,1,0,"Not difficult at all",2,4,5,3,1,"League of Legends","PC",NA,"I play for fun","having fun","diamond",NA,2,0,1,3,1,4,2,1,2,2,0,1,1,2,3,3,0,3,1,"Male",18,"Student at school","High school diploma (or equivalent)","Poland","Poland","Reddit","Multiplayer - online - with real life friends",NA,7,15,29,"POL","POL"
"49",5986,42054.7737,1,0,0,1,1,0,0,"Not difficult at all",4,5,5,2,4,"Other","PC",15,"I play for fun","having fun",NA,NA,2,0,1,2,2,1,0,1,3,3,1,0,0,0,0,0,0,0,2,"Male",25,"Student at college / university","Bachelor (or equivalent)","USA","USA","Reddit","Multiplayer - online - with real life friends","Accept",3,20,14,"USA","USA"
"50",10359,42054.91843,2,2,1,1,0,1,3,"Not difficult at all",3,5,2,2,1,"Starcraft 2","PC",10,"I play for fun","having fun",NA,NA,15,0,2,0,2,0,2,1,0,0,1,0,0,0,1,3,0,1,2,"Male",23,"Unemployed / between jobs","Bachelor (or equivalent)","Switzerland","Brazil","Reddit","Multiplayer - online - with real life friends","Accept",10,13,13,"BRA","CHE"
"51",5345,42054.75997,1,2,1,0,0,1,2,"Somewhat difficult",2,6,3,2,1,"League of Legends","PC",21,"I play for fun","having fun","Golf 5",NA,10,3,2,1,4,4,4,3,1,3,3,4,3,2,4,4,2,4,3,"Male",19,"Student at college / university","High school diploma (or equivalent)","Slovenia","Slovenia","Reddit","Multiplayer - online - with real life friends","Accept",7,14,51,"SVN","SVN"
"52",7041,42054.79964,3,2,2,3,1,3,0,"Somewhat difficult",4,2,3,2,2,"League of Legends","PC",28,"I play for fun","winning","platinum 5",NA,1,1,2,0,3,1,3,1,0,2,2,3,3,3,3,3,2,1,1,"Male",18,"Employed","High school diploma (or equivalent)","Lithuania","Lithuania","Reddit","Multiplayer - online - with strangers","Accept",14,13,33,"LTU","LTU"
"53",2867,42054.70085,1,1,3,1,0,0,1,"Somewhat difficult",3,6,2,4,5,"League of Legends","PC",14,"I play for fun","winning","Diamond 5",NA,6,0,0,0,4,2,1,0,1,3,1,4,1,0,1,1,0,0,3,"Male",21,"Student at college / university","High school diploma (or equivalent)","Venezuela","USA","Reddit","Multiplayer - online - with real life friends","Accept",7,20,19,"USA","VEN"
"54",5658,42054.76679,1,0,0,0,0,1,0,"Somewhat difficult",2,4,2,2,1,"League of Legends","PC",14,"I play for fun","winning","Gold 1",NA,3,1,2,3,3,3,3,3,2,3,1,3,2,1,2,3,1,0,2,"Male",18,"Student at college / university","High school diploma (or equivalent)","Poland","UK","Reddit","Multiplayer - online - with strangers","Accept",2,11,36,"GBR","POL"
"55",11851,42054.99046,0,0,0,0,0,0,0,"Not difficult at all",5,5,5,6,7,"League of Legends","PC",20,"I play for fun","having fun",NA,NA,3,0,0,0,0,0,0,0,0,0,0,0,0,0,0,0,0,0,1,"Male",20,"Unemployed / between jobs","Bachelor (or equivalent)","USA","USA","Reddit","Multiplayer - online - with online acquaintances or teammates","Accept",0,28,0,"USA","USA"
"56",1330,42054.66626,0,0,0,0,0,0,0,"Not difficult at all",4,3,6,4,4,"Other","PC",25,"I play for fun","having fun","Gold",NA,3,1,0,0,0,1,0,0,0,0,0,1,1,0,1,0,1,0,2,"Male",22,"Student at college / university","High school diploma (or equivalent)","France","France","Reddit","Multiplayer - Online - With real life friends and online acquaintances","Accept",0,21,6,"FRA","FRA"
"57",432,42054.62889,1,1,1,0,0,1,0,"Somewhat difficult",5,6,6,4,3,"League of Legends","PC",10,"I play for fun","having fun","Silver 2",NA,2,0,1,0,2,0,0,0,2,1,0,2,0,0,1,0,2,0,2,"Male",19,"Student at college / university","High school diploma (or equivalent)","USA","USA","Reddit","Multiplayer - offline (people in the same room)","Accept",4,24,11,"USA","USA"
"58",13597,42055.28304,1,2,3,1,0,1,1,"Somewhat difficult",6,7,6,3,4,"League of Legends","PC",14,"I play for fun","improving","Gold",NA,3,1,2,0,NA,0,3,2,1,1,1,4,1,1,3,3,1,2,3,"Male",20,"Unemployed / between jobs","None","Estonia","Estonia","Reddit","Multiplayer - online - with real life friends","Accept",9,26,NA,"EST","EST"
"59",2691,42054.69721,1,2,3,2,0,1,1,"Somewhat difficult",7,7,7,7,6,"League of Legends","PC",10,"I play for fun","improving",NA,NA,20,0,0,1,1,2,2,0,3,3,3,3,1,2,1,1,1,1,2,"Female",21,"Student at college / university","High school diploma (or equivalent)","USA","USA","Reddit","Multiplayer - online - with real life friends","Accept",10,34,25,"USA","USA"
"60",7776,42054.815,0,0,0,0,0,0,0,"Not difficult at all",5,6,6,5,2,"League of Legends","PC",10,"I play for fun","having fun","Gold 5",NA,10,1,0,0,3,3,4,0,0,0,4,0,2,0,3,0,3,0,1,"Male",21,"Student at college / university","High school diploma (or equivalent)","Argentina","Argentina","Reddit","Singleplayer and multiplayer online with strangers","Accept",0,24,23,"ARG","ARG"
"61",1504,42054.67122,1,1,1,1,0,0,1,"Not difficult at all",4,6,6,2,1,"League of Legends","PC",20,"I play mostly for fun but earn a little on the side (tournament winnings, streaming, etc)","improving","Master 1",NA,5,2,0,1,2,1,2,1,0,1,0,0,0,0,0,0,2,0,2,"Male",26,"Employed","Bachelor (or equivalent)","USA","USA","Reddit","Multiplayer - online - with online acquaintances or teammates","Accept",5,19,12,"USA","USA"
"62",4818,42054.74812,0,0,1,1,0,1,0,"Somewhat difficult",6,2,5,6,3,"Other","PC",10,"I play for fun","having fun",NA,NA,1,3,0,3,3,1,3,0,4,4,3,4,0,0,2,3,0,2,1,"Male",19,"Student at college / university","High school diploma (or equivalent)","Germany","Germany","Reddit","Multiplayer - online - with real life friends","Accept",3,22,35,"DEU","DEU"
"63",6490,42054.78642,0,0,0,0,0,0,0,NA,6,6,6,5,3,"League of Legends","PC",10,"I play for fun","improving","Gold",NA,15,0,0,1,2,0,0,0,1,3,2,1,0,0,1,1,0,0,1,"Male",31,"Employed","Ph.D., Psy. D., MD (or equivalent)","Denmark","Denmark","Reddit","Its a mixture of both single player and online with strangers","Accept",0,26,12,"DNK","DNK"
"64",7421,42054.8081,2,1,1,2,0,1,1,"Somewhat difficult",3,4,6,3,3,"League of Legends","PC",12,"I play for fun","improving","Diamond V",NA,25,1,1,3,3,1,3,2,4,3,2,4,2,2,3,4,1,1,2,"Male",22,"Student at college / university","High school diploma (or equivalent)","Poland","Poland","Reddit","Multiplayer - online - with strangers","Accept",8,19,40,"POL","POL"
"65",7098,42054.80092,0,1,1,0,0,2,0,"Not difficult at all",2,5,3,1,5,"League of Legends","PC",30,"I play for fun","winning","Diamond 1",NA,15,0,0,0,0,0,1,1,3,1,0,1,1,0,0,1,0,0,3,"Male",24,"Student at college / university","Bachelor (or equivalent)","Germany","Germany","Reddit","Multiplayer - online - with online acquaintances or teammates","Accept",4,16,9,"DEU","DEU"
"66",14102,42055.60926,3,2,2,1,0,2,0,"Somewhat difficult",3,7,7,7,3,"League of Legends","PC",20,"I play for fun","improving","Plat 1",NA,10,0,0,0,0,4,0,0,0,0,0,0,4,0,0,0,0,0,5,"Male",21,"Student at college / university","High school diploma (or equivalent)","Brazil","Brazil","Reddit","Multiplayer - online - with strangers","Accept",10,27,8,"BRA","BRA"
"67",7720,42054.81388,0,1,1,2,0,1,0,"Somewhat difficult",5,6,4,3,5,"League of Legends","PC",30,"I play for fun","having fun","Gold 1",NA,15,0,0,0,2,0,0,1,2,0,0,0,0,0,0,0,0,0,3,"Male",20,"Student at college / university","High school diploma (or equivalent)","Netherlands","Netherlands","Reddit","Multiplayer - online - with real life friends","Accept",5,23,5,"NLD","NLD"
"68",12124,42055.00555,1,0,2,1,0,0,1,"Somewhat difficult",2,3,5,6,1,"League of Legends","PC",30,"I play for fun","improving","Platinum 1",NA,8,1,3,1,2,1,3,1,1,3,1,1,0,0,0,3,1,2,1,"Male",18,"Student at school","High school diploma (or equivalent)","Germany","Germany","Reddit","Multiplayer - online - with online acquaintances or teammates","Accept",5,17,24,"DEU","DEU"
"69",2287,42054.68876,0,0,1,0,0,0,0,"Not difficult at all",6,6,6,5,4,"League of Legends","PC",10,"I play for fun","winning","Platinum IV",NA,5,0,0,0,0,0,2,1,0,1,0,1,3,0,2,1,0,0,2,"Male",18,"Student at college / university","High school diploma (or equivalent)","USA","USA","Reddit","Multiplayer - online - with online acquaintances or teammates","Accept",1,27,11,"USA","USA"
"70",4037,42054.72812,0,0,0,0,0,1,0,"Not difficult at all",2,3,5,2,3,"League of Legends","PC",12,"I play for fun","having fun","Gold league",NA,15,0,1,0,1,1,0,0,1,1,0,0,0,0,0,1,0,0,3,"Male",25,"Employed","High school diploma (or equivalent)","Sweden","Sweden","Reddit","Online with friends, both real life friends and friends I've made online.","Accept",1,15,6,"SWE","SWE"
"71",1712,42054.67573,0,0,0,0,0,0,0,"Not difficult at all",4,4,5,2,1,"Other","Console (PS, Xbox, ...)",7,"I play for fun","having fun","Gold V",NA,6,0,0,0,2,0,1,0,0,2,0,3,1,0,2,1,0,0,1,"Male",23,"Student at college / university","High school diploma (or equivalent)","Venezuela","Venezuela","Reddit","Singleplayer","Accept",0,16,12,"VEN","VEN"
"72",11956,42054.99573,2,1,1,2,1,3,0,"Not difficult at all",3,2,2,2,1,"Other","PC",20,"I play for fun","improving","4k bracket",NA,5,1,0,0,0,0,0,0,0,0,0,0,0,0,0,0,0,0,3,"Male",22,"Employed","Bachelor (or equivalent)","Ukraine","USA","Reddit","Multiplayer - online - with strangers","Accept",10,10,1,"USA","UKR"
"73",10919,42054.9466,0,0,0,0,0,0,0,NA,3,5,5,4,1,"League of Legends","PC",20,"I play for fun","having fun","Gold 1",NA,5,1,1,1,1,0,0,0,3,3,0,1,0,0,1,1,0,0,1,"Male",24,"Employed","High school diploma (or equivalent)","Unknown","Unknown","Reddit","Multiplayer - online - with online acquaintances or teammates","Accept",0,18,13,NA,NA
"74",1272,42054.66499,3,1,3,3,0,2,3,"Somewhat difficult",1,1,1,2,1,"League of Legends","PC",40,"I play mostly for fun but earn a little on the side (tournament winnings, streaming, etc)","having fun",NA,NA,1,0,0,1,2,1,0,1,2,0,0,0,0,3,2,4,0,1,1,"Male",18,"Student at school","High school diploma (or equivalent)","Poland","Poland","Reddit","Multiplayer - online - with strangers","Accept",15,6,17,"POL","POL"
"75",6296,42054.78115,1,1,1,2,2,1,0,"Somewhat difficult",2,2,2,2,3,"League of Legends","PC",18,"I play for fun","improving","Sliver",NA,10,0,0,0,0,1,0,1,0,0,0,1,1,0,0,1,1,1,2,"Male",20,"Employed","High school diploma (or equivalent)","USA","USA","Reddit","Multiplayer - online - with online acquaintances or teammates","Accept",8,11,7,"USA","USA"
"76",13280,42055.17489,0,0,0,0,0,0,0,NA,6,6,6,7,3,"League of Legends","PC",10,"I play for fun","having fun","Gold v",NA,15,1,1,0,0,0,1,0,0,0,0,0,0,0,0,0,0,1,1,"Male",18,"Student at school","None","New Zealand","New Zealand","Reddit","Multiplayer - online - with real life friends","Accept",0,28,4,"NZL","NZL"
"77",12856,42055.08317,0,0,1,0,0,0,0,"Not difficult at all",2,6,2,2,2,"League of Legends","PC",20,"I play for fun","improving",NA,NA,7,1,0,0,0,0,0,0,0,0,0,0,0,0,0,0,0,0,2,"Male",24,"Student at school","High school diploma (or equivalent)","Sweden","Unknown","Reddit","Multiplayer - online - with real life friends","Accept",1,14,1,NA,"SWE"
"78",11982,42054.99731,3,3,3,3,3,3,3,"Very difficult",2,3,2,1,4,"League of Legends","PC",10,"I play for fun","improving","Gold",NA,2,0,0,0,0,1,0,0,0,0,0,0,0,0,0,0,0,0,5,"Male",18,"Student at school","High school diploma (or equivalent)","USA","USA","Reddit","Multiplayer - online - with real life friends","Accept",21,12,1,"USA","USA"
"79",4147,42054.73105,1,1,1,1,0,0,1,"Not difficult at all",5,6,5,5,5,"Hearthstone","PC",5,"I play for fun","relaxing",NA,NA,20,1,2,1,2,2,1,0,1,1,2,2,1,0,1,2,0,1,2,"Male",24,"Employed","Bachelor (or equivalent)","USA","USA","Reddit","Multiplayer - online - with strangers","Accept",5,26,20,"USA","USA"
"80",1565,42054.67236,1,0,1,2,3,1,1,"Not difficult at all",5,5,5,5,4,"League of Legends","PC",20,"I play for fun","relaxing","Gold",NA,10,2,0,1,2,2,3,0,2,0,1,0,0,0,0,0,0,0,3,"Male",24,"Employed","Bachelor (or equivalent)","USA","USA","Reddit","Multiplayer - online - with real life friends","Accept",9,24,13,"USA","USA"
"81",7040,42054.79961,2,0,2,1,0,0,1,"Not difficult at all",2,2,3,4,1,"League of Legends","PC",35,"I earn a living by playing this game","improving","Bronze",NA,8,0,0,2,1,3,1,0,2,1,1,0,1,1,2,4,0,1,2,"Male",21,"Employed","None","USA","USA","Reddit","Multiplayer - online - with online acquaintances or teammates","Accept",6,12,20,"USA","USA"
"82",6033,42054.77472,0,0,0,0,0,0,0,NA,5,6,6,5,6,"Other","Console (PS, Xbox, ...)",12,"I play for fun","relaxing",NA,NA,15,0,3,1,4,0,2,0,4,3,0,2,1,0,0,1,0,2,1,"Male",19,"Student at college / university","High school diploma (or equivalent)","USA","USA","Reddit","Singleplayer","Accept",0,28,23,"USA","USA"
"83",2269,42054.68841,0,0,1,1,0,2,1,"Somewhat difficult",5,5,5,3,3,"League of Legends","PC",14,"I play for fun","winning","Gold 3",NA,12,0,0,1,1,0,1,0,1,1,1,0,0,0,0,0,0,0,1,"Male",20,"Student at college / university","Bachelor (or equivalent)","USA","USA","Reddit","Multiplayer - online - with strangers",NA,5,21,6,"USA","USA"
"84",2640,42054.69609,3,2,2,3,1,1,1,"Extremely difficult",1,1,2,1,1,"League of Legends","PC",50,"I play for fun","having fun",NA,NA,10,1,3,3,2,4,1,3,1,4,0,4,4,3,3,4,1,3,1,"Male",23,"Unemployed / between jobs","High school diploma (or equivalent)","Denmark","Denmark","Reddit","Multiplayer - online - with real life friends","Accept",13,6,44,"DNK","DNK"
"85",754,42054.64993,0,0,0,0,0,0,0,NA,2,6,4,5,1,"League of Legends","PC",20,"I play for fun","having fun","diamond",NA,10,0,1,0,1,0,1,1,0,0,1,4,3,0,0,1,0,1,3,"Male",21,"Student at college / university","High school diploma (or equivalent)","Poland","Poland","Reddit","Multiplayer - online - with real life friends","Accept",0,18,14,"POL","POL"
"86",7302,42054.8057,1,0,1,1,1,0,0,"Not difficult at all",3,6,6,6,5,"League of Legends","PC",20,"I play for fun","improving","Silver 2",NA,30,0,0,0,1,0,1,2,1,0,0,1,0,0,1,2,0,0,2,"Male",22,"Student at college / university","Bachelor (or equivalent)","USA","USA","Reddit","Multiplayer - online - with real life friends","Accept",4,26,9,"USA","USA"
"87",4294,42054.73489,0,0,0,0,1,0,0,"Not difficult at all",3,7,7,7,2,"League of Legends","PC",20,"I play for fun","having fun","Silver 3",NA,2,0,1,1,2,0,0,0,1,0,1,0,0,0,0,0,0,0,2,"Male",26,"Employed","Bachelor (or equivalent)","USA","USA","Reddit","Multiplayer - online - with strangers","Accept",1,26,6,"USA","USA"
"88",8533,42054.83792,2,1,1,2,0,0,0,"Somewhat difficult",6,6,6,5,4,"League of Legends","PC",20,"I play for fun","having fun","Silver",NA,0,2,1,2,1,0,0,0,1,3,0,2,0,0,0,1,0,0,1,"Male",18,"Student at school","High school diploma (or equivalent)","USA","USA","Reddit","Multiplayer - online - with real life friends","Accept",6,27,13,"USA","USA"
"89",10504,42054.92442,1,0,1,0,0,1,0,"Not difficult at all",2,2,2,2,2,"League of Legends","PC",20,"I play for fun","having fun","Platinum V",NA,20,1,2,2,1,3,2,0,1,1,1,1,1,0,1,1,1,1,2,"Male",29,"Unemployed / between jobs","Bachelor (or equivalent)","Sweden","Sweden","Reddit","Multiplayer - online - with online acquaintances or teammates","Accept",3,10,20,"SWE","SWE"
"90",8710,42054.8435,2,0,0,2,2,3,2,"Somewhat difficult",5,5,5,7,7,"League of Legends","PC",40,"I play for fun","improving","Gold",NA,15,1,4,1,4,0,0,0,4,1,0,0,0,0,4,3,0,0,3,"Male",18,"Student at college / university","High school diploma (or equivalent)","USA","USA","Reddit","Multiplayer - online - with real life friends","Accept",11,29,22,"USA","USA"
"91",7790,42054.81539,0,1,2,2,1,2,1,"Somewhat difficult",6,6,7,7,6,"League of Legends","PC",25,"I play for fun","winning","silver 1",NA,20,1,1,3,3,2,2,3,2,4,2,2,1,0,1,1,1,2,1,"Male",29,"Employed","Master (or equivalent)","Poland","Poland","Reddit","Multiplayer - online - with online acquaintances or teammates","Accept",9,32,31,"POL","POL"
"92",6439,42054.78512,1,2,2,0,1,1,1,"Not difficult at all",2,2,6,5,2,"League of Legends","PC",5,"I play for fun","all of the above","Bronze IV",NA,20,1,1,2,2,3,0,1,2,1,1,0,3,0,3,4,0,3,1,"Male",19,"Student at college / university","High school diploma (or equivalent)","USA","USA","Reddit","Multiplayer - online - with real life friends","Accept",8,17,27,"USA","USA"
"93",7444,42054.80861,1,3,2,3,3,2,3,"Somewhat difficult",3,6,4,2,2,"League of Legends","PC",14,"I play for fun","winning","Gold 1",NA,8,2,1,0,0,3,0,1,2,1,0,0,3,0,0,0,0,0,2,"Male",21,"Student at college / university","High school diploma (or equivalent)","Curaçao","Netherlands","Reddit","Multiplayer - online - with online acquaintances or teammates","Accept",17,17,13,"NLD","CUW"
"94",10915,42054.9465,1,1,2,0,3,0,0,"Somewhat difficult",3,2,5,3,1,"Counter Strike","PC",40,"I play for fun","improving","N/A",NA,3,2,3,3,3,1,3,1,2,3,3,3,0,2,3,2,2,1,3,"Male",18,"Student at school","None","Canada","Canada","Reddit","Multiplayer - online - with real life friends","Accept",7,14,37,"CAN","CAN"
"95",3359,42054.71199,0,0,0,2,0,1,0,"Not difficult at all",5,6,3,2,5,"League of Legends","PC",14,"I play for fun","improving","Platinum",NA,5,1,1,3,4,3,3,0,4,4,3,2,2,1,2,2,1,1,1,"Male",18,"Student at college / university","High school diploma (or equivalent)","Russia","USA","Reddit","Multiplayer - online - with strangers","Accept",3,21,37,"USA","RUS"
"96",11404,42054.96921,0,0,0,0,0,0,0,NA,6,7,7,6,6,"League of Legends","PC",25,"I play for fun","having fun","Gold 5",NA,20,1,0,0,2,1,0,0,0,0,0,2,0,0,0,0,0,0,1,"Male",18,"Student at school","High school diploma (or equivalent)","Canada","Canada","Reddit","Multiplayer - online - with real life friends","Accept",0,32,6,"CAN","CAN"
"97",598,42054.64331,2,1,1,0,2,0,3,"Not difficult at all",2,3,4,4,3,"League of Legends","PC",20,"I play for fun","improving","platinum",NA,4,0,1,2,4,2,0,1,0,NA,3,1,NA,2,4,0,2,0,2,"Male",19,"Student at college / university","High school diploma (or equivalent)","Italy","Italy","Reddit","Multiplayer - online - with real life friends","Accept",9,16,NA,"ITA","ITA"
"98",6098,42054.77636,1,0,0,1,0,1,0,"Not difficult at all",5,4,5,6,5,"League of Legends","PC",10,"I play for fun","improving","Silver",NA,5,0,1,1,3,2,1,1,3,2,0,3,0,0,0,1,0,0,3,"Male",25,"Student at college / university","High school diploma (or equivalent)","USA","USA","Reddit","Multiplayer - online - with strangers","Accept",3,25,18,"USA","USA"
"99",11724,42054.9836,2,0,0,2,1,0,1,"Somewhat difficult",6,5,6,6,6,"Starcraft 2","PC",10,"I play for fun","having fun","Platinum",NA,20,1,2,3,4,2,3,2,3,3,2,3,2,0,2,2,1,4,3,"Male",21,"Student at college / university","Bachelor (or equivalent)","Canada","Canada","Reddit","Multiplayer - online - with strangers","Accept",6,29,39,"CAN","CAN"
"100",2506,42054.69344,1,1,1,2,1,2,1,"Not difficult at all",2,3,2,1,1,"League of Legends","PC",10,"I play mostly for fun but earn a little on the side (tournament winnings, streaming, etc)","improving","platinum 5",NA,NA,2,1,1,2,1,1,0,0,1,0,2,3,1,NA,4,0,0,4,"Male",19,"Student at college / university","High school diploma (or equivalent)","Unknown","Greece","Reddit","Multiplayer - online - with online acquaintances or teammates","Accept",9,9,NA,"GRC",NA
